Weather,average,average,average,average,average,average,average,average,average,average,average,average,average,average,average,average,average,average,average,average,average,average,average,average,average,average,average,average,average,average,average,average,average,average,average,average,average,average,average,average,average,average,average,average,average,average,average,average,average,average,average,average,average,average,average,average,average,average,average,average,average,average,average,average,average,average,average,average,average,average,average,average,average,average,average,average,average,average,average,average,average,average,average,average,average,average,average,average,average,average,average,average,average,average,average,average,average,average,average,average,average,average,average,average,average,average,average,average,average,average,average,average,average,average,average,average,average,average,average,average,average,average,average,average,average,average,average,average,average,average,average,average,average,average,average,average,average,average,average,average,average,average,average,average,cold,cold,cold,cold,cold,cold,cold,cold,cold,cold,cold,cold,cold,cold,cold,cold,cold,cold,cold,cold,cold,cold,cold,cold,cold,cold,cold,cold,cold,cold,cold,cold,cold,cold,cold,cold,cold,cold,cold,cold,cold,cold,cold,cold,cold,cold,cold,cold,cold,cold,cold,cold,cold,cold,cold,cold,cold,cold,cold,cold,cold,cold,cold,cold,cold,cold,cold,cold,cold,cold,cold,cold,cold,cold,cold,cold,cold,cold,cold,cold,cold,cold,cold,cold,cold,cold,cold,cold,cold,cold,cold,cold,cold,cold,cold,cold,cold,cold,cold,cold,cold,cold,cold,cold,cold,cold,cold,cold,cold,cold,cold,cold,cold,cold,cold,cold,cold,cold,cold,cold,cold,cold,cold,cold,cold,cold,cold,cold,cold,cold,cold,cold,cold,cold,cold,cold,cold,cold,cold,cold,cold,cold,cold,cold,warm,warm,warm,warm,warm,warm,warm,warm,warm,warm,warm,warm,warm,warm,warm,warm,warm,warm,warm,warm,warm,warm,warm,warm,warm,warm,warm,warm,warm,warm,warm,warm,warm,warm,warm,warm,warm,warm,warm,warm,warm,warm,warm,warm,warm,warm,warm,warm,warm,warm,warm,warm,warm,warm,warm,warm,warm,warm,warm,warm,warm,warm,warm,warm,warm,warm,warm,warm,warm,warm,warm,warm,warm,warm,warm,warm,warm,warm,warm,warm,warm,warm,warm,warm,warm,warm,warm,warm,warm,warm,warm,warm,warm,warm,warm,warm,warm,warm,warm,warm,warm,warm,warm,warm,warm,warm,warm,warm,warm,warm,warm,warm,warm,warm,warm,warm,warm,warm,warm,warm,warm,warm,warm,warm,warm,warm,warm,warm,warm,warm,warm,warm,warm,warm,warm,warm,warm,warm,warm,warm,warm,warm,warm,warm
Building,Case_1_standard,Case_1_standard,Case_1_standard,Case_1_standard,Case_1_standard,Case_1_standard,Case_1_standard,Case_1_standard,Case_1_standard,Case_1_standard,Case_1_standard,Case_1_standard,Case_1_standard,Case_1_standard,Case_1_standard,Case_1_standard,Case_1_standard,Case_1_standard,Case_1_standard,Case_1_standard,Case_1_standard,Case_1_standard,Case_1_standard,Case_1_standard,Case_1_standard,Case_1_standard,Case_1_standard,Case_1_standard,Case_1_standard,Case_1_standard,Case_1_standard,Case_1_standard,Case_1_standard,Case_1_standard,Case_1_standard,Case_1_standard,Case_1_retrofit,Case_1_retrofit,Case_1_retrofit,Case_1_retrofit,Case_1_retrofit,Case_1_retrofit,Case_1_retrofit,Case_1_retrofit,Case_1_retrofit,Case_1_retrofit,Case_1_retrofit,Case_1_retrofit,Case_1_retrofit,Case_1_retrofit,Case_1_retrofit,Case_1_retrofit,Case_1_retrofit,Case_1_retrofit,Case_1_retrofit,Case_1_retrofit,Case_1_retrofit,Case_1_retrofit,Case_1_retrofit,Case_1_retrofit,Case_1_retrofit,Case_1_retrofit,Case_1_retrofit,Case_1_retrofit,Case_1_retrofit,Case_1_retrofit,Case_1_retrofit,Case_1_retrofit,Case_1_retrofit,Case_1_retrofit,Case_1_retrofit,Case_1_retrofit,Case_2_standard,Case_2_standard,Case_2_standard,Case_2_standard,Case_2_standard,Case_2_standard,Case_2_standard,Case_2_standard,Case_2_standard,Case_2_standard,Case_2_standard,Case_2_standard,Case_2_standard,Case_2_standard,Case_2_standard,Case_2_standard,Case_2_standard,Case_2_standard,Case_2_standard,Case_2_standard,Case_2_standard,Case_2_standard,Case_2_standard,Case_2_standard,Case_2_standard,Case_2_standard,Case_2_standard,Case_2_standard,Case_2_standard,Case_2_standard,Case_2_standard,Case_2_standard,Case_2_standard,Case_2_standard,Case_2_standard,Case_2_standard,Case_2_retrofit,Case_2_retrofit,Case_2_retrofit,Case_2_retrofit,Case_2_retrofit,Case_2_retrofit,Case_2_retrofit,Case_2_retrofit,Case_2_retrofit,Case_2_retrofit,Case_2_retrofit,Case_2_retrofit,Case_2_retrofit,Case_2_retrofit,Case_2_retrofit,Case_2_retrofit,Case_2_retrofit,Case_2_retrofit,Case_2_retrofit,Case_2_retrofit,Case_2_retrofit,Case_2_retrofit,Case_2_retrofit,Case_2_retrofit,Case_2_retrofit,Case_2_retrofit,Case_2_retrofit,Case_2_retrofit,Case_2_retrofit,Case_2_retrofit,Case_2_retrofit,Case_2_retrofit,Case_2_retrofit,Case_2_retrofit,Case_2_retrofit,Case_2_retrofit,Case_1_standard,Case_1_standard,Case_1_standard,Case_1_standard,Case_1_standard,Case_1_standard,Case_1_standard,Case_1_standard,Case_1_standard,Case_1_standard,Case_1_standard,Case_1_standard,Case_1_standard,Case_1_standard,Case_1_standard,Case_1_standard,Case_1_standard,Case_1_standard,Case_1_standard,Case_1_standard,Case_1_standard,Case_1_standard,Case_1_standard,Case_1_standard,Case_1_standard,Case_1_standard,Case_1_standard,Case_1_standard,Case_1_standard,Case_1_standard,Case_1_standard,Case_1_standard,Case_1_standard,Case_1_standard,Case_1_standard,Case_1_standard,Case_1_retrofit,Case_1_retrofit,Case_1_retrofit,Case_1_retrofit,Case_1_retrofit,Case_1_retrofit,Case_1_retrofit,Case_1_retrofit,Case_1_retrofit,Case_1_retrofit,Case_1_retrofit,Case_1_retrofit,Case_1_retrofit,Case_1_retrofit,Case_1_retrofit,Case_1_retrofit,Case_1_retrofit,Case_1_retrofit,Case_1_retrofit,Case_1_retrofit,Case_1_retrofit,Case_1_retrofit,Case_1_retrofit,Case_1_retrofit,Case_1_retrofit,Case_1_retrofit,Case_1_retrofit,Case_1_retrofit,Case_1_retrofit,Case_1_retrofit,Case_1_retrofit,Case_1_retrofit,Case_1_retrofit,Case_1_retrofit,Case_1_retrofit,Case_1_retrofit,Case_2_standard,Case_2_standard,Case_2_standard,Case_2_standard,Case_2_standard,Case_2_standard,Case_2_standard,Case_2_standard,Case_2_standard,Case_2_standard,Case_2_standard,Case_2_standard,Case_2_standard,Case_2_standard,Case_2_standard,Case_2_standard,Case_2_standard,Case_2_standard,Case_2_standard,Case_2_standard,Case_2_standard,Case_2_standard,Case_2_standard,Case_2_standard,Case_2_standard,Case_2_standard,Case_2_standard,Case_2_standard,Case_2_standard,Case_2_standard,Case_2_standard,Case_2_standard,Case_2_standard,Case_2_standard,Case_2_standard,Case_2_standard,Case_2_retrofit,Case_2_retrofit,Case_2_retrofit,Case_2_retrofit,Case_2_retrofit,Case_2_retrofit,Case_2_retrofit,Case_2_retrofit,Case_2_retrofit,Case_2_retrofit,Case_2_retrofit,Case_2_retrofit,Case_2_retrofit,Case_2_retrofit,Case_2_retrofit,Case_2_retrofit,Case_2_retrofit,Case_2_retrofit,Case_2_retrofit,Case_2_retrofit,Case_2_retrofit,Case_2_retrofit,Case_2_retrofit,Case_2_retrofit,Case_2_retrofit,Case_2_retrofit,Case_2_retrofit,Case_2_retrofit,Case_2_retrofit,Case_2_retrofit,Case_2_retrofit,Case_2_retrofit,Case_2_retrofit,Case_2_retrofit,Case_2_retrofit,Case_2_retrofit,Case_1_standard,Case_1_standard,Case_1_standard,Case_1_standard,Case_1_standard,Case_1_standard,Case_1_standard,Case_1_standard,Case_1_standard,Case_1_standard,Case_1_standard,Case_1_standard,Case_1_standard,Case_1_standard,Case_1_standard,Case_1_standard,Case_1_standard,Case_1_standard,Case_1_standard,Case_1_standard,Case_1_standard,Case_1_standard,Case_1_standard,Case_1_standard,Case_1_standard,Case_1_standard,Case_1_standard,Case_1_standard,Case_1_standard,Case_1_standard,Case_1_standard,Case_1_standard,Case_1_standard,Case_1_standard,Case_1_standard,Case_1_standard,Case_1_retrofit,Case_1_retrofit,Case_1_retrofit,Case_1_retrofit,Case_1_retrofit,Case_1_retrofit,Case_1_retrofit,Case_1_retrofit,Case_1_retrofit,Case_1_retrofit,Case_1_retrofit,Case_1_retrofit,Case_1_retrofit,Case_1_retrofit,Case_1_retrofit,Case_1_retrofit,Case_1_retrofit,Case_1_retrofit,Case_1_retrofit,Case_1_retrofit,Case_1_retrofit,Case_1_retrofit,Case_1_retrofit,Case_1_retrofit,Case_1_retrofit,Case_1_retrofit,Case_1_retrofit,Case_1_retrofit,Case_1_retrofit,Case_1_retrofit,Case_1_retrofit,Case_1_retrofit,Case_1_retrofit,Case_1_retrofit,Case_1_retrofit,Case_1_retrofit,Case_2_standard,Case_2_standard,Case_2_standard,Case_2_standard,Case_2_standard,Case_2_standard,Case_2_standard,Case_2_standard,Case_2_standard,Case_2_standard,Case_2_standard,Case_2_standard,Case_2_standard,Case_2_standard,Case_2_standard,Case_2_standard,Case_2_standard,Case_2_standard,Case_2_standard,Case_2_standard,Case_2_standard,Case_2_standard,Case_2_standard,Case_2_standard,Case_2_standard,Case_2_standard,Case_2_standard,Case_2_standard,Case_2_standard,Case_2_standard,Case_2_standard,Case_2_standard,Case_2_standard,Case_2_standard,Case_2_standard,Case_2_standard,Case_2_retrofit,Case_2_retrofit,Case_2_retrofit,Case_2_retrofit,Case_2_retrofit,Case_2_retrofit,Case_2_retrofit,Case_2_retrofit,Case_2_retrofit,Case_2_retrofit,Case_2_retrofit,Case_2_retrofit,Case_2_retrofit,Case_2_retrofit,Case_2_retrofit,Case_2_retrofit,Case_2_retrofit,Case_2_retrofit,Case_2_retrofit,Case_2_retrofit,Case_2_retrofit,Case_2_retrofit,Case_2_retrofit,Case_2_retrofit,Case_2_retrofit,Case_2_retrofit,Case_2_retrofit,Case_2_retrofit,Case_2_retrofit,Case_2_retrofit,Case_2_retrofit,Case_2_retrofit,Case_2_retrofit,Case_2_retrofit,Case_2_retrofit,Case_2_retrofit
HeatingRodLocation,AfterHeatPump,AfterHeatPump,AfterHeatPump,AfterHeatPump,AfterHeatPump,AfterHeatPump,AfterHeatPump,AfterHeatPump,AfterHeatPump,AfterHeatPump,AfterHeatPump,AfterHeatPump,Storage,Storage,Storage,Storage,Storage,Storage,Storage,Storage,Storage,Storage,Storage,Storage,AfterStorage,AfterStorage,AfterStorage,AfterStorage,AfterStorage,AfterStorage,AfterStorage,AfterStorage,AfterStorage,AfterStorage,AfterStorage,AfterStorage,AfterHeatPump,AfterHeatPump,AfterHeatPump,AfterHeatPump,AfterHeatPump,AfterHeatPump,AfterHeatPump,AfterHeatPump,AfterHeatPump,AfterHeatPump,AfterHeatPump,AfterHeatPump,Storage,Storage,Storage,Storage,Storage,Storage,Storage,Storage,Storage,Storage,Storage,Storage,AfterStorage,AfterStorage,AfterStorage,AfterStorage,AfterStorage,AfterStorage,AfterStorage,AfterStorage,AfterStorage,AfterStorage,AfterStorage,AfterStorage,AfterHeatPump,AfterHeatPump,AfterHeatPump,AfterHeatPump,AfterHeatPump,AfterHeatPump,AfterHeatPump,AfterHeatPump,AfterHeatPump,AfterHeatPump,AfterHeatPump,AfterHeatPump,Storage,Storage,Storage,Storage,Storage,Storage,Storage,Storage,Storage,Storage,Storage,Storage,AfterStorage,AfterStorage,AfterStorage,AfterStorage,AfterStorage,AfterStorage,AfterStorage,AfterStorage,AfterStorage,AfterStorage,AfterStorage,AfterStorage,AfterHeatPump,AfterHeatPump,AfterHeatPump,AfterHeatPump,AfterHeatPump,AfterHeatPump,AfterHeatPump,AfterHeatPump,AfterHeatPump,AfterHeatPump,AfterHeatPump,AfterHeatPump,Storage,Storage,Storage,Storage,Storage,Storage,Storage,Storage,Storage,Storage,Storage,Storage,AfterStorage,AfterStorage,AfterStorage,AfterStorage,AfterStorage,AfterStorage,AfterStorage,AfterStorage,AfterStorage,AfterStorage,AfterStorage,AfterStorage,AfterHeatPump,AfterHeatPump,AfterHeatPump,AfterHeatPump,AfterHeatPump,AfterHeatPump,AfterHeatPump,AfterHeatPump,AfterHeatPump,AfterHeatPump,AfterHeatPump,AfterHeatPump,Storage,Storage,Storage,Storage,Storage,Storage,Storage,Storage,Storage,Storage,Storage,Storage,AfterStorage,AfterStorage,AfterStorage,AfterStorage,AfterStorage,AfterStorage,AfterStorage,AfterStorage,AfterStorage,AfterStorage,AfterStorage,AfterStorage,AfterHeatPump,AfterHeatPump,AfterHeatPump,AfterHeatPump,AfterHeatPump,AfterHeatPump,AfterHeatPump,AfterHeatPump,AfterHeatPump,AfterHeatPump,AfterHeatPump,AfterHeatPump,Storage,Storage,Storage,Storage,Storage,Storage,Storage,Storage,Storage,Storage,Storage,Storage,AfterStorage,AfterStorage,AfterStorage,AfterStorage,AfterStorage,AfterStorage,AfterStorage,AfterStorage,AfterStorage,AfterStorage,AfterStorage,AfterStorage,AfterHeatPump,AfterHeatPump,AfterHeatPump,AfterHeatPump,AfterHeatPump,AfterHeatPump,AfterHeatPump,AfterHeatPump,AfterHeatPump,AfterHeatPump,AfterHeatPump,AfterHeatPump,Storage,Storage,Storage,Storage,Storage,Storage,Storage,Storage,Storage,Storage,Storage,Storage,AfterStorage,AfterStorage,AfterStorage,AfterStorage,AfterStorage,AfterStorage,AfterStorage,AfterStorage,AfterStorage,AfterStorage,AfterStorage,AfterStorage,AfterHeatPump,AfterHeatPump,AfterHeatPump,AfterHeatPump,AfterHeatPump,AfterHeatPump,AfterHeatPump,AfterHeatPump,AfterHeatPump,AfterHeatPump,AfterHeatPump,AfterHeatPump,Storage,Storage,Storage,Storage,Storage,Storage,Storage,Storage,Storage,Storage,Storage,Storage,AfterStorage,AfterStorage,AfterStorage,AfterStorage,AfterStorage,AfterStorage,AfterStorage,AfterStorage,AfterStorage,AfterStorage,AfterStorage,AfterStorage,AfterHeatPump,AfterHeatPump,AfterHeatPump,AfterHeatPump,AfterHeatPump,AfterHeatPump,AfterHeatPump,AfterHeatPump,AfterHeatPump,AfterHeatPump,AfterHeatPump,AfterHeatPump,Storage,Storage,Storage,Storage,Storage,Storage,Storage,Storage,Storage,Storage,Storage,Storage,AfterStorage,AfterStorage,AfterStorage,AfterStorage,AfterStorage,AfterStorage,AfterStorage,AfterStorage,AfterStorage,AfterStorage,AfterStorage,AfterStorage,AfterHeatPump,AfterHeatPump,AfterHeatPump,AfterHeatPump,AfterHeatPump,AfterHeatPump,AfterHeatPump,AfterHeatPump,AfterHeatPump,AfterHeatPump,AfterHeatPump,AfterHeatPump,Storage,Storage,Storage,Storage,Storage,Storage,Storage,Storage,Storage,Storage,Storage,Storage,AfterStorage,AfterStorage,AfterStorage,AfterStorage,AfterStorage,AfterStorage,AfterStorage,AfterStorage,AfterStorage,AfterStorage,AfterStorage,AfterStorage,AfterHeatPump,AfterHeatPump,AfterHeatPump,AfterHeatPump,AfterHeatPump,AfterHeatPump,AfterHeatPump,AfterHeatPump,AfterHeatPump,AfterHeatPump,AfterHeatPump,AfterHeatPump,Storage,Storage,Storage,Storage,Storage,Storage,Storage,Storage,Storage,Storage,Storage,Storage,AfterStorage,AfterStorage,AfterStorage,AfterStorage,AfterStorage,AfterStorage,AfterStorage,AfterStorage,AfterStorage,AfterStorage,AfterStorage,AfterStorage,AfterHeatPump,AfterHeatPump,AfterHeatPump,AfterHeatPump,AfterHeatPump,AfterHeatPump,AfterHeatPump,AfterHeatPump,AfterHeatPump,AfterHeatPump,AfterHeatPump,AfterHeatPump,Storage,Storage,Storage,Storage,Storage,Storage,Storage,Storage,Storage,Storage,Storage,Storage,AfterStorage,AfterStorage,AfterStorage,AfterStorage,AfterStorage,AfterStorage,AfterStorage,AfterStorage,AfterStorage,AfterStorage,AfterStorage,AfterStorage
OperationalEnvelope,high,high,high,high,high,high,low,low,low,low,low,low,high,high,high,high,high,high,low,low,low,low,low,low,high,high,high,high,high,high,low,low,low,low,low,low,high,high,high,high,high,high,low,low,low,low,low,low,high,high,high,high,high,high,low,low,low,low,low,low,high,high,high,high,high,high,low,low,low,low,low,low,high,high,high,high,high,high,low,low,low,low,low,low,high,high,high,high,high,high,low,low,low,low,low,low,high,high,high,high,high,high,low,low,low,low,low,low,high,high,high,high,high,high,low,low,low,low,low,low,high,high,high,high,high,high,low,low,low,low,low,low,high,high,high,high,high,high,low,low,low,low,low,low,high,high,high,high,high,high,low,low,low,low,low,low,high,high,high,high,high,high,low,low,low,low,low,low,high,high,high,high,high,high,low,low,low,low,low,low,high,high,high,high,high,high,low,low,low,low,low,low,high,high,high,high,high,high,low,low,low,low,low,low,high,high,high,high,high,high,low,low,low,low,low,low,high,high,high,high,high,high,low,low,low,low,low,low,high,high,high,high,high,high,low,low,low,low,low,low,high,high,high,high,high,high,low,low,low,low,low,low,high,high,high,high,high,high,low,low,low,low,low,low,high,high,high,high,high,high,low,low,low,low,low,low,high,high,high,high,high,high,low,low,low,low,low,low,high,high,high,high,high,high,low,low,low,low,low,low,high,high,high,high,high,high,low,low,low,low,low,low,high,high,high,high,high,high,low,low,low,low,low,low,high,high,high,high,high,high,low,low,low,low,low,low,high,high,high,high,high,high,low,low,low,low,low,low,high,high,high,high,high,high,low,low,low,low,low,low,high,high,high,high,high,high,low,low,low,low,low,low,high,high,high,high,high,high,low,low,low,low,low,low,high,high,high,high,high,high,low,low,low,low,low,low,high,high,high,high,high,high,low,low,low,low,low,low,high,high,high,high,high,high,low,low,low,low,low,low,high,high,high,high,high,high,low,low,low,low,low,low
SupplyTemperature,55,55,55,75,75,75,55,55,55,75,75,75,55,55,55,75,75,75,55,55,55,75,75,75,55,55,55,75,75,75,55,55,55,75,75,75,55,55,55,75,75,75,55,55,55,75,75,75,55,55,55,75,75,75,55,55,55,75,75,75,55,55,55,75,75,75,55,55,55,75,75,75,55,55,55,75,75,75,55,55,55,75,75,75,55,55,55,75,75,75,55,55,55,75,75,75,55,55,55,75,75,75,55,55,55,75,75,75,55,55,55,75,75,75,55,55,55,75,75,75,55,55,55,75,75,75,55,55,55,75,75,75,55,55,55,75,75,75,55,55,55,75,75,75,55,55,55,75,75,75,55,55,55,75,75,75,55,55,55,75,75,75,55,55,55,75,75,75,55,55,55,75,75,75,55,55,55,75,75,75,55,55,55,75,75,75,55,55,55,75,75,75,55,55,55,75,75,75,55,55,55,75,75,75,55,55,55,75,75,75,55,55,55,75,75,75,55,55,55,75,75,75,55,55,55,75,75,75,55,55,55,75,75,75,55,55,55,75,75,75,55,55,55,75,75,75,55,55,55,75,75,75,55,55,55,75,75,75,55,55,55,75,75,75,55,55,55,75,75,75,55,55,55,75,75,75,55,55,55,75,75,75,55,55,55,75,75,75,55,55,55,75,75,75,55,55,55,75,75,75,55,55,55,75,75,75,55,55,55,75,75,75,55,55,55,75,75,75,55,55,55,75,75,75,55,55,55,75,75,75,55,55,55,75,75,75,55,55,55,75,75,75,55,55,55,75,75,75,55,55,55,75,75,75,55,55,55,75,75,75,55,55,55,75,75,75,55,55,55,75,75,75,55,55,55,75,75,75,55,55,55,75,75,75,55,55,55,75,75,75,55,55,55,75,75,75,55,55,55,75,75,75,55,55,55,75,75,75,55,55,55,75,75,75,55,55,55,75,75,75,55,55,55,75,75,75,55,55,55,75,75,75
HeatingRodType,OnOff,Modulating,Discrete,OnOff,Modulating,Discrete,OnOff,Modulating,Discrete,OnOff,Modulating,Discrete,OnOff,Modulating,Discrete,OnOff,Modulating,Discrete,OnOff,Modulating,Discrete,OnOff,Modulating,Discrete,OnOff,Modulating,Discrete,OnOff,Modulating,Discrete,OnOff,Modulating,Discrete,OnOff,Modulating,Discrete,OnOff,Modulating,Discrete,OnOff,Modulating,Discrete,OnOff,Modulating,Discrete,OnOff,Modulating,Discrete,OnOff,Modulating,Discrete,OnOff,Modulating,Discrete,OnOff,Modulating,Discrete,OnOff,Modulating,Discrete,OnOff,Modulating,Discrete,OnOff,Modulating,Discrete,OnOff,Modulating,Discrete,OnOff,Modulating,Discrete,OnOff,Modulating,Discrete,OnOff,Modulating,Discrete,OnOff,Modulating,Discrete,OnOff,Modulating,Discrete,OnOff,Modulating,Discrete,OnOff,Modulating,Discrete,OnOff,Modulating,Discrete,OnOff,Modulating,Discrete,OnOff,Modulating,Discrete,OnOff,Modulating,Discrete,OnOff,Modulating,Discrete,OnOff,Modulating,Discrete,OnOff,Modulating,Discrete,OnOff,Modulating,Discrete,OnOff,Modulating,Discrete,OnOff,Modulating,Discrete,OnOff,Modulating,Discrete,OnOff,Modulating,Discrete,OnOff,Modulating,Discrete,OnOff,Modulating,Discrete,OnOff,Modulating,Discrete,OnOff,Modulating,Discrete,OnOff,Modulating,Discrete,OnOff,Modulating,Discrete,OnOff,Modulating,Discrete,OnOff,Modulating,Discrete,OnOff,Modulating,Discrete,OnOff,Modulating,Discrete,OnOff,Modulating,Discrete,OnOff,Modulating,Discrete,OnOff,Modulating,Discrete,OnOff,Modulating,Discrete,OnOff,Modulating,Discrete,OnOff,Modulating,Discrete,OnOff,Modulating,Discrete,OnOff,Modulating,Discrete,OnOff,Modulating,Discrete,OnOff,Modulating,Discrete,OnOff,Modulating,Discrete,OnOff,Modulating,Discrete,OnOff,Modulating,Discrete,OnOff,Modulating,Discrete,OnOff,Modulating,Discrete,OnOff,Modulating,Discrete,OnOff,Modulating,Discrete,OnOff,Modulating,Discrete,OnOff,Modulating,Discrete,OnOff,Modulating,Discrete,OnOff,Modulating,Discrete,OnOff,Modulating,Discrete,OnOff,Modulating,Discrete,OnOff,Modulating,Discrete,OnOff,Modulating,Discrete,OnOff,Modulating,Discrete,OnOff,Modulating,Discrete,OnOff,Modulating,Discrete,OnOff,Modulating,Discrete,OnOff,Modulating,Discrete,OnOff,Modulating,Discrete,OnOff,Modulating,Discrete,OnOff,Modulating,Discrete,OnOff,Modulating,Discrete,OnOff,Modulating,Discrete,OnOff,Modulating,Discrete,OnOff,Modulating,Discrete,OnOff,Modulating,Discrete,OnOff,Modulating,Discrete,OnOff,Modulating,Discrete,OnOff,Modulating,Discrete,OnOff,Modulating,Discrete,OnOff,Modulating,Discrete,OnOff,Modulating,Discrete,OnOff,Modulating,Discrete,OnOff,Modulating,Discrete,OnOff,Modulating,Discrete,OnOff,Modulating,Discrete,OnOff,Modulating,Discrete,OnOff,Modulating,Discrete,OnOff,Modulating,Discrete,OnOff,Modulating,Discrete,OnOff,Modulating,Discrete,OnOff,Modulating,Discrete,OnOff,Modulating,Discrete,OnOff,Modulating,Discrete,OnOff,Modulating,Discrete,OnOff,Modulating,Discrete,OnOff,Modulating,Discrete,OnOff,Modulating,Discrete,OnOff,Modulating,Discrete,OnOff,Modulating,Discrete,OnOff,Modulating,Discrete,OnOff,Modulating,Discrete,OnOff,Modulating,Discrete,OnOff,Modulating,Discrete,OnOff,Modulating,Discrete,OnOff,Modulating,Discrete,OnOff,Modulating,Discrete,OnOff,Modulating,Discrete,OnOff,Modulating,Discrete,OnOff,Modulating,Discrete,OnOff,Modulating,Discrete,OnOff,Modulating,Discrete,OnOff,Modulating,Discrete,OnOff,Modulating,Discrete,OnOff,Modulating,Discrete,OnOff,Modulating,Discrete,OnOff,Modulating,Discrete,OnOff,Modulating,Discrete,OnOff,Modulating,Discrete,OnOff,Modulating,Discrete,OnOff,Modulating,Discrete,OnOff,Modulating,Discrete,OnOff,Modulating,Discrete,OnOff,Modulating,Discrete,OnOff,Modulating,Discrete,OnOff,Modulating,Discrete,OnOff,Modulating,Discrete,OnOff,Modulating,Discrete,OnOff,Modulating,Discrete,OnOff,Modulating,Discrete
outputs.hydraulic.generation.WHPel.integral,45620486000.0,45835220000.0,45597696000.0,52808983000.0,53364460000.0,53304623000.0,44407402000.0,44829905000.0,44345614000.0,38553235000.0,42843270000.0,44734833000.0,46027960000.0,47226094000.0,47450653000.0,53249050000.0,54570730000.0,54856650000.0,44827304000.0,45364070000.0,45832086000.0,39629180000.0,42773830000.0,45410500000.0,47435534000.0,47127286000.0,47233610000.0,54809563000.0,54518000000.0,54654816000.0,46362280000.0,45175800000.0,45563695000.0,50051342000.0,45068380000.0,46503936000.0,11220744000.0,11321529000.0,11370117000.0,,,,10267864000.0,10261293000.0,10304535000.0,,,,12489140000.0,12592236000.0,12741822000.0,,,,11509577000.0,11576030000.0,11738587000.0,,,,12889206000.0,12682804000.0,12727875000.0,,,,11951657000.0,11497461000.0,11647469000.0,,,,,,,,,,,,,,,,,,,,,,,,,,,,,,,,,,,,,,,,,,,,,,,,,,,,,,,,,,,,,,,,,,,,,,,,,,,,73500746000.0,73797450000.0,73706960000.0,77087180000.0,80798670000.0,82428180000.0,70725480000.0,72621490000.0,71802790000.0,49106797000.0,56651784000.0,61763887000.0,73712390000.0,75108350000.0,75405350000.0,77954670000.0,81832960000.0,83864990000.0,70206415000.0,71835740000.0,72597280000.0,50888060000.0,56596455000.0,62661485000.0,75161110000.0,75152300000.0,75235310000.0,85081600000.0,84173980000.0,84721900000.0,73147670000.0,72131520000.0,72559030000.0,73280586000.0,62406476000.0,66036210000.0,18003032000.0,18027377000.0,18034780000.0,,,,16525993000.0,16712609000.0,16799041000.0,,,,19115510000.0,19314268000.0,19490322000.0,,,,17553768000.0,17803452000.0,18242021000.0,,,,19807430000.0,19353110000.0,19438463000.0,,,,18809176000.0,18032835000.0,18243269000.0,,,,,,,,,,,,,,,,,,,,,,,,,,,,,,,,,,,,,,,,,,,,,,,,,,,,,,,,,,,,,,,,,,,,,,,,,,,,39024857000.0,39231090000.0,39033012000.0,43938054000.0,45090906000.0,45471527000.0,37775925000.0,38064845000.0,37721928000.0,30540573000.0,34005195000.0,35653083000.0,39607927000.0,40552100000.0,40726962000.0,44419514000.0,46038872000.0,46815040000.0,38365807000.0,38847615000.0,39196406000.0,31957576000.0,34617600000.0,36772295000.0,40719204000.0,40428300000.0,40529592000.0,46908432000.0,46593750000.0,46762897000.0,39635570000.0,38644110000.0,38970937000.0,40432280000.0,36599288000.0,37739377000.0,9798143000.0,9888716000.0,9940698000.0,,,,8807060000.0,8817191000.0,8852300000.0,,,,11087029000.0,11171855000.0,11285316000.0,,,,10080249000.0,10144634000.0,10268021000.0,,,,11391908000.0,11228378000.0,11263361000.0,,,,10416201000.0,10076460000.0,10194953000.0,,,,,,,,,,,,,,,,,,,,,,,,,,,,,,,,,,,,,,,,,,,,,,,,,,,,,,,,,,,,,,,,,,,,,,,,,,,
outputs.hydraulic.generation.WHRel.integral,6516022000.0,5999503000.0,6773579000.0,7935928000.0,6870507500.0,7276973000.0,8778843000.0,7828708400.0,9500126000.0,39894770000.0,29191657000.0,22034800000.0,,,,,,,,,,,,,,,,,,,,,,,,,5742918000.0,5419275300.0,5327189000.0,,,,8070381600.0,7998185000.0,7898606000.0,,,,,,,,,,,,,,,,,,,,,,,,,,,,,,,,,,,,,,,,,,,,,,,,,,,,,,,,,,,,,,,,,,,,,,,,,,,,,,,,,,,,,,,,,,,,,,,,,,,,20808671000.0,22715855000.0,25488202000.0,43095446000.0,37638967000.0,35495404000.0,27363420000.0,25726930000.0,29900597000.0,104808260000.0,86287490000.0,69386680000.0,,,,,,,,,,,,,,,,,,,,,,,,,7960151000.0,8015853000.0,8161788000.0,,,,11194362000.0,10845393000.0,10817765000.0,,,,,,,,,,,,,,,,,,,,,,,,,,,,,,,,,,,,,,,,,,,,,,,,,,,,,,,,,,,,,,,,,,,,,,,,,,,,,,,,,,,,,,,,,,,,,,,,,,,,6545353700.0,6170740700.0,7040844000.0,10934836000.0,8593871000.0,8222729700.0,9080911000.0,8805092000.0,9998868000.0,41238250000.0,32687086000.0,25973459000.0,,,,,,,,,,,,,,,,,,,,,,,,,5650879000.0,5352127000.0,5247340000.0,,,,8159091700.0,8095133000.0,7981887500.0,,,,,,,,,,,,,,,,,,,,,,,,,,,,,,,,,,,,,,,,,,,,,,,,,,,,,,,,,,,,,,,,,,,,,,,,,,,,,,,,,,,,,,,,,,,,,,,,,,,
outputs.building.dTComHea[1],2209.1196,2145.1365,2213.8333,50571.36,49052.2,48659.414,3878.8022,2746.051,3621.1763,36098.133,38202.1,72315.1,2596.11,924.3728,924.282,63058.74,43212.13,46060.918,2793.9653,931.68854,2091.6643,38506.203,41663.27,93343.24,445.3573,447.40372,450.82733,93744.99,53303.93,58022.145,25289.63,793.76654,2139.9258,473539.84,71926.95,106744.14,11066.7705,10825.716,9599.025,,,,12233.798,17562.662,16002.9795,,,,9641.752,9617.409,9645.009,,,,10058.655,10057.78,10058.664,,,,11034.336,6507.14,8354.089,,,,10334.961,6980.518,8642.858,,,,,,,,,,,,,,,,,,,,,,,,,,,,,,,,,,,,,,,,,,,,,,,,,,,,,,,,,,,,,,,,,,,,,,,,,,,,858507.44,233502.42,35195.508,220924.75,93113.914,90021.76,734671.25,174675.12,123192.414,16533.77,18840.756,333678.53,453069.12,282581.56,294525.84,109151.68,90673.05,358578.6,271935.72,156223.27,311098.3,18649.316,23076.77,323136.9,2210604.8,4226.494,18288.281,1318050.1,22281.066,105119.65,2136560.2,5468.5547,25788.791,1120588.2,31983.373,156504.19,31102.654,27766.904,27363.271,,,,32104.996,39311.69,37468.246,,,,28923.78,27967.922,28387.648,,,,29678.129,29050.367,29248.004,,,,31069.488,22837.916,24527.973,,,,31555.246,24203.95,25989.873,,,,,,,,,,,,,,,,,,,,,,,,,,,,,,,,,,,,,,,,,,,,,,,,,,,,,,,,,,,,,,,,,,,,,,,,,,,,3451.7195,784.0042,251.58527,12972.515,10411.933,10951.443,9791.846,472.71213,495.36548,12856.978,10485.522,35530.78,200.68336,84.47466,88.38496,16729.05,10794.999,12718.648,277.76312,11.314937,729.1522,14601.084,11969.922,35652.08,32781.18,160.2771,165.88112,83771.9,13595.485,14258.438,38954.61,20.4183,193.01918,210793.5,16316.635,26998.611,716.9013,745.509,749.4985,,,,1011.43317,2629.5317,2680.402,,,,186.11311,186.09566,186.11311,,,,186.15819,186.19325,186.15819,,,,48.442287,49.133575,53.173317,,,,48.428024,49.141403,53.173244,,,,,,,,,,,,,,,,,,,,,,,,,,,,,,,,,,,,,,,,,,,,,,,,,,,,,,,,,,,,,,,,,,,,,,,,,,,
outputs.hydraulic.generation.QHP_flow.integral,163944370000.0,164616720000.0,163853320000.0,158343150000.0,159542640000.0,159212880000.0,160848430000.0,162289000000.0,160550980000.0,127845210000.0,138217680000.0,143642020000.0,163763130000.0,168048180000.0,168692660000.0,159348420000.0,162796370000.0,163484990000.0,161387860000.0,163116240000.0,164572740000.0,130512480000.0,137843750000.0,145845060000.0,168729740000.0,167648280000.0,167964150000.0,163261380000.0,162150900000.0,162737440000.0,166225630000.0,162535780000.0,163696590000.0,156933260000.0,144932060000.0,148860260000.0,37766844000.0,38046910000.0,38137324000.0,,,,35413225000.0,35470380000.0,35566764000.0,,,,40972200000.0,41185060000.0,41622155000.0,,,,38958620000.0,39126840000.0,39625953000.0,,,,42035266000.0,41461928000.0,41590088000.0,,,,40284803000.0,38925380000.0,39386320000.0,,,,,,,,,,,,,,,,,,,,,,,,,,,,,,,,,,,,,,,,,,,,,,,,,,,,,,,,,,,,,,,,,,,,,,,,,,,,231842730000.0,231831370000.0,230721950000.0,208844830000.0,214633270000.0,216794920000.0,225204470000.0,229346460000.0,225842640000.0,152040370000.0,169426620000.0,182202380000.0,230018740000.0,234610230000.0,235337370000.0,209369430000.0,217146310000.0,221053730000.0,222421480000.0,226154410000.0,228376890000.0,154977620000.0,167923500000.0,183249940000.0,236334960000.0,233208400000.0,234112120000.0,225129700000.0,220770900000.0,222384870000.0,231353020000.0,225619690000.0,227418320000.0,205645350000.0,183668700000.0,192013430000.0,53167700000.0,53113803000.0,52975480000.0,,,,49997095000.0,50347815000.0,50387060000.0,,,,55648457000.0,56033694000.0,56501584000.0,,,,52465123000.0,52947005000.0,54001420000.0,,,,57606540000.0,56169427000.0,56422700000.0,,,,55675470000.0,53399240000.0,53978636000.0,,,,,,,,,,,,,,,,,,,,,,,,,,,,,,,,,,,,,,,,,,,,,,,,,,,,,,,,,,,,,,,,,,,,,,,,,,,,140851740000.0,141487930000.0,140747570000.0,133327140000.0,135719395000.0,136107426000.0,137740190000.0,138532290000.0,137405340000.0,103956955000.0,112242680000.0,117151646000.0,141648120000.0,144912500000.0,145401970000.0,134645694000.0,138474000000.0,139969350000.0,139048900000.0,140604210000.0,141733640000.0,107682040000.0,113908150000.0,120550000000.0,145565940000.0,144291450000.0,144630940000.0,140167970000.0,139046910000.0,139517200000.0,143264510000.0,139796430000.0,140878660000.0,130575000000.0,119870090000.0,123375080000.0,32918792000.0,33193923000.0,33290717000.0,,,,30417928000.0,30468395000.0,30559365000.0,,,,36247642000.0,36437676000.0,36775342000.0,,,,34238160000.0,34385502000.0,34778546000.0,,,,37115757000.0,36619400000.0,36721680000.0,,,,35287814000.0,34197402000.0,34577076000.0,,,,,,,,,,,,,,,,,,,,,,,,,,,,,,,,,,,,,,,,,,,,,,,,,,,,,,,,,,,,,,,,,,,,,,,,,,,
outputs.DHW.Q_flow.integral,7657757000.0,7640428500.0,7652346000.0,7682905600.0,7675300000.0,7679347700.0,7647641600.0,7595110400.0,7646486500.0,7647065000.0,7662290400.0,7642251000.0,7687041000.0,7686516700.0,7686514000.0,7686486000.0,7684647000.0,7685100500.0,7674107400.0,7674601500.0,7674139000.0,7660228000.0,7660674000.0,7680401400.0,7687025700.0,7686616000.0,7687119000.0,7606958600.0,7611257000.0,7678314500.0,7674045000.0,7674711600.0,7674186000.0,7657255000.0,7662944000.0,7661247500.0,7686146600.0,7676337700.0,7675060700.0,,,,7629718000.0,7636656000.0,7634363000.0,,,,7681377300.0,7681322000.0,7682353000.0,,,,7682036000.0,7682286000.0,7682088000.0,,,,7681438700.0,7681309000.0,7681665500.0,,,,7681952300.0,7682177500.0,7681985500.0,,,,,,,,,,,,,,,,,,,,,,,,,,,,,,,,,,,,,,,,,,,,,,,,,,,,,,,,,,,,,,,,,,,,,,,,,,,,7642805000.0,7642026000.0,7642067000.0,7684945400.0,7657441300.0,7667811300.0,7650255000.0,7651562000.0,7655049000.0,7646951400.0,7657547000.0,7643945000.0,7668859000.0,7669751300.0,7668731000.0,7684744000.0,7684942300.0,7684701000.0,7661226500.0,7661401600.0,7661017600.0,7668413000.0,7669015000.0,7668014600.0,7669120000.0,7669736400.0,7669011500.0,7666553000.0,7631575600.0,7631000000.0,7659868700.0,7661527600.0,7661495000.0,7660564500.0,7678010400.0,7675915000.0,7672203000.0,7659513300.0,7656943000.0,,,,7635284500.0,7647401500.0,7641239600.0,,,,7687203000.0,7687120400.0,7687466500.0,,,,7668023300.0,7668114400.0,7667785700.0,,,,7687081500.0,7687206400.0,7687396400.0,,,,7666926000.0,7668067000.0,7668269600.0,,,,,,,,,,,,,,,,,,,,,,,,,,,,,,,,,,,,,,,,,,,,,,,,,,,,,,,,,,,,,,,,,,,,,,,,,,,,7661305000.0,7644061000.0,7659455000.0,7680275500.0,7686983700.0,7685010000.0,7642774500.0,7610476000.0,7641934300.0,7647208000.0,7647401500.0,7641474000.0,7687372300.0,7686657000.0,7686915600.0,7682603000.0,7680129500.0,7680652300.0,7679524400.0,7679840000.0,7679416300.0,7684340700.0,7684989400.0,7684504600.0,7687373300.0,7686678000.0,7687595000.0,7600985600.0,7670895000.0,7678723000.0,7679385000.0,7679808000.0,7679522000.0,7680711000.0,7682912000.0,7683351000.0,7685409000.0,7683381000.0,7678104000.0,,,,7628861400.0,7632553500.0,7631156700.0,,,,7675335700.0,7675298300.0,7676890600.0,,,,7685335600.0,7685286400.0,7685112000.0,,,,7675334000.0,7675265000.0,7675581400.0,,,,7685377500.0,7685309000.0,7685399000.0,,,,,,,,,,,,,,,,,,,,,,,,,,,,,,,,,,,,,,,,,,,,,,,,,,,,,,,,,,,,,,,,,,,,,,,,,,,
outputs.building.QTraGain[1].integral,160873550000.0,161059720000.0,161059110000.0,156203190000.0,156404810000.0,156451850000.0,160074200000.0,160696810000.0,160514310000.0,156958440000.0,156915630000.0,155423080000.0,160465530000.0,161054490000.0,160944280000.0,155689780000.0,156390210000.0,156248800000.0,160529530000.0,160598310000.0,160112930000.0,156875370000.0,156666200000.0,155076790000.0,159978470000.0,160738770000.0,160589890000.0,155023620000.0,156044310000.0,155860070000.0,158594370000.0,160271680000.0,159881700000.0,152698060000.0,155864400000.0,154855770000.0,33964590000.0,33966195000.0,33964341000.0,,,,33951085000.0,33951377000.0,33955113000.0,,,,33958836000.0,33972922000.0,33966717000.0,,,,33945612000.0,33948020000.0,33929740000.0,,,,33947812000.0,33963403000.0,33960790000.0,,,,33899295000.0,33949708000.0,33933412000.0,,,,,,,,,,,,,,,,,,,,,,,,,,,,,,,,,,,,,,,,,,,,,,,,,,,,,,,,,,,,,,,,,,,,,,,,,,,,242546340000.0,244363920000.0,245948060000.0,240570860000.0,241142350000.0,241207360000.0,242225660000.0,244584400000.0,245317620000.0,243708580000.0,243120640000.0,239532130000.0,243204650000.0,244096900000.0,243957270000.0,240646650000.0,241090610000.0,239539470000.0,244050310000.0,244390130000.0,242994860000.0,243672480000.0,242754760000.0,238841070000.0,239964730000.0,247361160000.0,245771520000.0,236148700000.0,242058760000.0,240527520000.0,238510210000.0,246935390000.0,245062760000.0,235292100000.0,241869960000.0,239393780000.0,51392713000.0,51403158000.0,51409570000.0,,,,51396022000.0,51399420000.0,51397330000.0,,,,51400280000.0,51399066000.0,51402030000.0,,,,51392030000.0,51386585000.0,51383595000.0,,,,51365593000.0,51400390000.0,51403678000.0,,,,51342470000.0,51392733000.0,51390394000.0,,,,,,,,,,,,,,,,,,,,,,,,,,,,,,,,,,,,,,,,,,,,,,,,,,,,,,,,,,,,,,,,,,,,,,,,,,,,137748890000.0,138047420000.0,138133620000.0,134100740000.0,134213420000.0,134239830000.0,137401990000.0,137987520000.0,137946480000.0,134518480000.0,134470025000.0,132895200000.0,137620550000.0,138193750000.0,138124770000.0,133692330000.0,134215090000.0,134058670000.0,137640100000.0,137878950000.0,137499560000.0,134452770000.0,134313780000.0,132718040000.0,137025044000.0,138007230000.0,137858090000.0,132779720000.0,133874770000.0,133683315000.0,136084275000.0,137741900000.0,137423660000.0,130812190000.0,133677580000.0,132712500000.0,29110116000.0,29108277000.0,29108589000.0,,,,29113203000.0,29118554000.0,29110385000.0,,,,29106390000.0,29133564000.0,29127496000.0,,,,29091350000.0,29104073000.0,29087599000.0,,,,29106150000.0,29119744000.0,29117819000.0,,,,29051910000.0,29099770000.0,29081660000.0,,,,,,,,,,,,,,,,,,,,,,,,,,,,,,,,,,,,,,,,,,,,,,,,,,,,,,,,,,,,,,,,,,,,,,,,,,,
outputs.hydraulic.storage.WelHRDHW.integral,,,,,,,,,,,,,570673100.0,542977860.0,553482560.0,554236540.0,525435000.0,519616640.0,1345077500.0,1341393800.0,1335911000.0,1366255000.0,1346133900.0,1359619000.0,571175700.0,543180700.0,571372700.0,555905540.0,545372900.0,575562500.0,1344629000.0,1340370200.0,1344112500.0,1493092100.0,1762395600.0,1628346900.0,,,,,,,,,,,,,1333547300.0,1324104200.0,1299836300.0,,,,2589917000.0,2583265800.0,2569740500.0,,,,1333046700.0,1324043300.0,1333641700.0,,,,2578434600.0,2582617300.0,2581286700.0,,,,,,,,,,,,,,,,,,,,,,,,,,,,,,,,,,,,,,,,,,,,,,,,,,,,,,,,,,,,,,,,,,,,,,,,,,,,,,,,,,,,,,,,641887740.0,617623700.0,634892300.0,617665100.0,591453600.0,590552100.0,1342664200.0,1336809300.0,1336600000.0,1417272400.0,1380216400.0,1361577100.0,641184800.0,617380600.0,638970200.0,753057660.0,932829900.0,828739000.0,1374179700.0,1415520900.0,1390216800.0,1828394800.0,2357806300.0,1975126400.0,,,,,,,,,,,,,1481231700.0,1472579000.0,1466987900.0,,,,2426562600.0,2425709600.0,2420990000.0,,,,1482649200.0,1472957600.0,1480681300.0,,,,2448041700.0,2485816800.0,2465483300.0,,,,,,,,,,,,,,,,,,,,,,,,,,,,,,,,,,,,,,,,,,,,,,,,,,,,,,,,,,,,,,,,,,,,,,,,,,,,,,,,,,,,,,,,558757800.0,529639680.0,536603800.0,544825540.0,511109760.0,499791740.0,1376304400.0,1371562900.0,1387999200.0,1417053800.0,1400025500.0,1441162100.0,560663800.0,531244350.0,560637950.0,552219500.0,592127800.0,623068740.0,1374541000.0,1372748300.0,1375285600.0,1593299500.0,1847381000.0,1697151700.0,,,,,,,,,,,,,1307575200.0,1296575900.0,1259482600.0,,,,2705281300.0,2695927300.0,2676923100.0,,,,1311215200.0,1299135600.0,1308368400.0,,,,2694851800.0,2695492600.0,2695862000.0,,,,,,,,,,,,,,,,,,,,,,,,,,,,,,,,,,,,,,,,,,,,,,,,,,,,,,,,,,,,,,,,,,,,,,,,,,,
outputs.hydraulic.storage.WelHRAftBuf.integral,,,,,,,,,,,,,,,,,,,,,,,,,187494030.0,2119357200.0,1608204300.0,851930430.0,3083242000.0,2460208000.0,523647940.0,6080993300.0,4473257000.0,4149021400.0,19508693000.0,14563303000.0,,,,,,,,,,,,,,,,,,,,,,,,,93595720.0,712167360.0,567230340.0,,,,589135800.0,2044942000.0,1551838000.0,,,,,,,,,,,,,,,,,,,,,,,,,,,,,,,,,,,,,,,,,,,,,,,,,,,,,,,,,,,,,,,,,,,,,,,,,,,,,,,,,,,,,,,,,,,,,,,,,,,,13111613000.0,24029538000.0,21415307000.0,21011007000.0,31322567000.0,28196018000.0,15949417000.0,30551988000.0,26771755000.0,39063580000.0,67969530000.0,57232370000.0,,,,,,,,,,,,,,,,,,,,,,,,,2032340600.0,3580375000.0,3309715700.0,,,,2984436000.0,5361335300.0,4778049500.0,,,,,,,,,,,,,,,,,,,,,,,,,,,,,,,,,,,,,,,,,,,,,,,,,,,,,,,,,,,,,,,,,,,,,,,,,,,,,,,,,,,,,,,,,,,,,,,,,,,,297914980.0,2658371800.0,2124595500.0,1548504600.0,4015661600.0,3320120000.0,861788540.0,6152306000.0,4704139000.0,8553226000.0,22266694000.0,17823164000.0,,,,,,,,,,,,,,,,,,,,,,,,,97592760.0,639056830.0,521468900.0,,,,533557200.0,1710484000.0,1298862700.0,,,,,,,,,,,,,,,,,,,,,,,,,,,,,,,,,,,,,,,,,,,,,,,,,,,,,,,,,,,,,,,,,,,,,,,,,,,
outputs.hydraulic.storage.WelHRBufSto.integral,,,,,,,,,,,,,5634379300.0,1966934900.0,1200790800.0,5661260300.0,2937877800.0,2112235300.0,7297015000.0,5640404500.0,3698029800.0,34812625000.0,27306895000.0,17748617000.0,,,,,,,,,,,,,,,,,,,,,,,,,1164388200.0,978811260.0,562122500.0,,,,1940200600.0,1783315100.0,1276337400.0,,,,,,,,,,,,,,,,,,,,,,,,,,,,,,,,,,,,,,,,,,,,,,,,,,,,,,,,,,,,,,,,,,,,,,,,,,,,,,,,,,,,,,,,,,,,,,,,,,,,22294465000.0,18624223000.0,17747050000.0,40911925000.0,33619630000.0,28143841000.0,30046802000.0,26650862000.0,23012452000.0,97504680000.0,83689005000.0,64433697000.0,,,,,,,,,,,,,,,,,,,,,,,,,3980580400.0,3611977200.0,3148155600.0,,,,6208490500.0,5728530400.0,4665613300.0,,,,,,,,,,,,,,,,,,,,,,,,,,,,,,,,,,,,,,,,,,,,,,,,,,,,,,,,,,,,,,,,,,,,,,,,,,,,,,,,,,,,,,,,,,,,,,,,,,,,4801212400.0,2146159500.0,1578689800.0,8194190000.0,4932540000.0,3291054600.0,6606821400.0,5299889000.0,3770439700.0,35067340000.0,28733480000.0,20440132000.0,,,,,,,,,,,,,,,,,,,,,,,,,963669500.0,819905600.0,516701060.0,,,,1596707300.0,1478753000.0,1086639700.0,,,,,,,,,,,,,,,,,,,,,,,,,,,,,,,,,,,,,,,,,,,,,,,,,,,,,,,,,,,,,,,,,,,,,,,,,,,,,,,,,,,,,,,
outputs.hydraulic.storage.QBufLoss.integral,707691460.0,701753000.0,691403260.0,1025667840.0,1031368800.0,1022367200.0,548216000.0,549860200.0,546010500.0,858810300.0,873626500.0,859840640.0,546706400.0,550151550.0,549382600.0,871515500.0,869376900.0,867680830.0,549838800.0,546443650.0,544769000.0,857389060.0,870535200.0,859151740.0,549425150.0,553496500.0,549470300.0,861294700.0,867381000.0,867094800.0,543159360.0,547885950.0,547826700.0,843018050.0,848562500.0,846685060.0,614251650.0,613557950.0,613611700.0,,,,608052800.0,608619140.0,608852900.0,,,,611421950.0,615648600.0,614328700.0,,,,605956700.0,608283900.0,605410240.0,,,,611828540.0,613466750.0,613338800.0,,,,600339600.0,604585100.0,603485600.0,,,,,,,,,,,,,,,,,,,,,,,,,,,,,,,,,,,,,,,,,,,,,,,,,,,,,,,,,,,,,,,,,,,,,,,,,,,,686355600.0,696020700.0,702571460.0,1096265000.0,1105331000.0,1105057000.0,676285400.0,689348540.0,691314100.0,1094070800.0,1114957400.0,1083964700.0,680688060.0,690569400.0,689902200.0,1088674600.0,1101115900.0,1089921000.0,683635900.0,688159300.0,681458700.0,1090648000.0,1101274500.0,1077731100.0,667455170.0,696177900.0,689108540.0,1053566800.0,1079781800.0,1072377500.0,653748030.0,687473340.0,678310660.0,1026986430.0,1039627800.0,1034877300.0,737477500.0,744090900.0,747778500.0,,,,732916200.0,738481660.0,737899460.0,,,,736632500.0,744825150.0,742685250.0,,,,733951400.0,738984770.0,732594200.0,,,,724754300.0,740772860.0,737379900.0,,,,715284030.0,729053950.0,725920800.0,,,,,,,,,,,,,,,,,,,,,,,,,,,,,,,,,,,,,,,,,,,,,,,,,,,,,,,,,,,,,,,,,,,,,,,,,,,,847390600.0,835961600.0,841240900.0,1130697200.0,1131537800.0,1125959300.0,528903650.0,531943740.0,529806720.0,812475700.0,823954750.0,809585340.0,528267940.0,533674750.0,532711420.0,816357950.0,822692700.0,820750100.0,526177340.0,529001760.0,526049820.0,814865900.0,822697340.0,811135400.0,528372060.0,533064420.0,532162180.0,812893000.0,819487500.0,818208260.0,523011840.0,527112030.0,525804000.0,791663600.0,797759550.0,795479500.0,555439040.0,555506050.0,554880260.0,,,,554065000.0,554524700.0,554008400.0,,,,553803840.0,558475300.0,557183400.0,,,,547719200.0,554331300.0,552284540.0,,,,554713700.0,556877600.0,556689500.0,,,,547156030.0,551232640.0,550070600.0,,,,,,,,,,,,,,,,,,,,,,,,,,,,,,,,,,,,,,,,,,,,,,,,,,,,,,,,,,,,,,,,,,,,,,,,,,,
outputs.hydraulic.storage.QDHWLoss.integral,1031711550.0,1046289600.0,1027315900.0,1070932030.0,1040121500.0,1066094900.0,1103633300.0,1062850370.0,1068347300.0,1039341300.0,1039052300.0,1044483200.0,1286270000.0,1285702800.0,1285476400.0,1269424000.0,1268240100.0,1269278800.0,1292949800.0,1293078300.0,1293109800.0,1244631700.0,1245546100.0,1286202900.0,1286290300.0,1285745200.0,1286421500.0,1110423400.0,1116531700.0,1247554000.0,1292931000.0,1293284700.0,1292942100.0,1216674200.0,1192167000.0,1204942000.0,1074361700.0,1056219400.0,1062625150.0,,,,1057807040.0,1039348600.0,1039947840.0,,,,1228653000.0,1229178600.0,1231034500.0,,,,1261712400.0,1261632300.0,1261889200.0,,,,1228577300.0,1229217800.0,1228568800.0,,,,1261462100.0,1261569500.0,1261210800.0,,,,,,,,,,,,,,,,,,,,,,,,,,,,,,,,,,,,,,,,,,,,,,,,,,,,,,,,,,,,,,,,,,,,,,,,,,,,1039144640.0,1046885570.0,1040985700.0,1083451800.0,1027415400.0,1048212860.0,1070286500.0,1247859300.0,1066162000.0,1047332900.0,1030346940.0,1049468800.0,1293643300.0,1294879200.0,1293644900.0,1285362400.0,1286679300.0,1288846700.0,1283236900.0,1282853500.0,1283201300.0,1283273000.0,1285299600.0,1290485800.0,1292058400.0,1295024600.0,1293514900.0,1229547900.0,1142471000.0,1159232800.0,1275471400.0,1276287100.0,1273559800.0,1214765600.0,1201858700.0,1236112800.0,1053656060.0,1038516100.0,1040443300.0,,,,1052492500.0,1046218240.0,1064794500.0,,,,1251730600.0,1252193200.0,1252469500.0,,,,1272742500.0,1272809100.0,1272727300.0,,,,1251630500.0,1252170600.0,1251777800.0,,,,1267370000.0,1264963700.0,1265169400.0,,,,,,,,,,,,,,,,,,,,,,,,,,,,,,,,,,,,,,,,,,,,,,,,,,,,,,,,,,,,,,,,,,,,,,,,,,,,1037488060.0,1042044100.0,1032268540.0,1067377340.0,1072895900.0,1079461000.0,1077840000.0,1049385150.0,1089174500.0,1035504800.0,1067836600.0,1061626430.0,1277620900.0,1276691200.0,1276496100.0,1258778400.0,1258354400.0,1259263100.0,1286869400.0,1286891100.0,1286373000.0,1276539300.0,1277068300.0,1275484900.0,1277492600.0,1276745000.0,1277494300.0,1091423200.0,1227366400.0,1238964900.0,1286987400.0,1287039100.0,1287019900.0,1238763600.0,1217934300.0,1230020600.0,1072721000.0,1063731600.0,1064349300.0,,,,1066108350.0,1053186400.0,1036460600.0,,,,1218983800.0,1219678500.0,1222620300.0,,,,1246928800.0,1246592500.0,1247291300.0,,,,1218754300.0,1219560300.0,1218909800.0,,,,1246641000.0,1246510200.0,1246208100.0,,,,,,,,,,,,,,,,,,,,,,,,,,,,,,,,,,,,,,,,,,,,,,,,,,,,,,,,,,,,,,,,,,,,,,,,,,,
outputs.hydraulic.generation.WHPel.numSwi,626.0,592.0,609.0,713.0,644.0,658.0,1077.0,834.0,1073.0,2419.0,597.0,1003.0,948.0,580.0,579.0,998.0,597.0,594.0,972.0,994.0,1042.0,1918.0,1085.0,1113.0,578.0,580.0,579.0,528.0,531.0,591.0,991.0,987.0,990.0,972.0,950.0,950.0,837.0,815.0,828.0,,,,1403.0,1310.0,1381.0,,,,837.0,684.0,683.0,,,,1445.0,1441.0,1440.0,,,,678.0,682.0,681.0,,,,1434.0,1444.0,1442.0,,,,,,,,,,,,,,,,,,,,,,,,,,,,,,,,,,,,,,,,,,,,,,,,,,,,,,,,,,,,,,,,,,,,,,,,,,,,443.0,427.0,439.0,1049.0,443.0,460.0,1217.0,685.0,1114.0,3429.0,482.0,858.0,831.0,446.0,448.0,1322.0,502.0,451.0,1038.0,1004.0,1004.0,3714.0,2196.0,1650.0,438.0,441.0,437.0,436.0,384.0,383.0,988.0,977.0,977.0,1351.0,1419.0,1208.0,672.0,634.0,646.0,,,,1434.0,1182.0,1357.0,,,,791.0,573.0,574.0,,,,1238.0,1114.0,1105.0,,,,572.0,573.0,573.0,,,,1097.0,1093.0,1090.0,,,,,,,,,,,,,,,,,,,,,,,,,,,,,,,,,,,,,,,,,,,,,,,,,,,,,,,,,,,,,,,,,,,,,,,,,,,,769.0,723.0,756.0,1003.0,812.0,816.0,1117.0,919.0,1113.0,2431.0,753.0,1178.0,977.0,695.0,699.0,1135.0,718.0,714.0,1029.0,1052.0,1154.0,2091.0,1330.0,1303.0,694.0,698.0,696.0,662.0,717.0,720.0,1048.0,1047.0,1048.0,1049.0,1012.0,1028.0,937.0,911.0,921.0,,,,1474.0,1391.0,1447.0,,,,869.0,753.0,753.0,,,,1615.0,1603.0,1602.0,,,,756.0,756.0,755.0,,,,1600.0,1600.0,1606.0,,,,,,,,,,,,,,,,,,,,,,,,,,,,,,,,,,,,,,,,,,,,,,,,,,,,,,,,,,,,,,,,,,,,,,,,,,,
outputs.hydraulic.generation.WHRel.numSwi,1215.0,1261.0,1005.0,1433.0,6740.0,2646.0,1263.0,1065.0,1168.0,2544.0,2923.0,3299.0,,,,,,,,,,,,,,,,,,,,,,,,,1182.0,1303.0,1091.0,,,,1172.0,1277.0,1172.0,,,,,,,,,,,,,,,,,,,,,,,,,,,,,,,,,,,,,,,,,,,,,,,,,,,,,,,,,,,,,,,,,,,,,,,,,,,,,,,,,,,,,,,,,,,,,,,,,,,,2321.0,2009.0,1207.0,2505.0,2231.0,12069.0,2444.0,1670.0,1587.0,3468.0,9537.0,6393.0,,,,,,,,,,,,,,,,,,,,,,,,,1751.0,1476.0,1362.0,,,,1797.0,1474.0,1609.0,,,,,,,,,,,,,,,,,,,,,,,,,,,,,,,,,,,,,,,,,,,,,,,,,,,,,,,,,,,,,,,,,,,,,,,,,,,,,,,,,,,,,,,,,,,,,,,,,,,,1339.0,1359.0,1063.0,1576.0,5145.0,3338.0,1324.0,1409.0,1137.0,2432.0,2073.0,3051.0,,,,,,,,,,,,,,,,,,,,,,,,,1209.0,1316.0,1130.0,,,,1145.0,1280.0,1138.0,,,,,,,,,,,,,,,,,,,,,,,,,,,,,,,,,,,,,,,,,,,,,,,,,,,,,,,,,,,,,,,,,,,,,,,,,,,,,,,,,,,,,,,,,,,,,,,,,,,
outputs.hydraulic.storage.WelHRDHW.numSwi,,,,,,,,,,,,,730.0,730.0,730.0,730.0,730.0,730.0,730.0,730.0,730.0,730.0,730.0,730.0,730.0,730.0,730.0,731.0,737.0,738.0,730.0,730.0,730.0,734.0,832.0,841.0,,,,,,,,,,,,,730.0,730.0,730.0,,,,730.0,730.0,730.0,,,,730.0,730.0,730.0,,,,730.0,730.0,730.0,,,,,,,,,,,,,,,,,,,,,,,,,,,,,,,,,,,,,,,,,,,,,,,,,,,,,,,,,,,,,,,,,,,,,,,,,,,,,,,,,,,,,,,,729.0,729.0,729.0,730.0,730.0,730.0,726.0,726.0,726.0,727.0,730.0,730.0,729.0,729.0,729.0,736.0,804.0,799.0,731.0,747.0,746.0,741.0,985.0,964.0,,,,,,,,,,,,,730.0,730.0,730.0,,,,730.0,730.0,730.0,,,,730.0,730.0,730.0,,,,733.0,747.0,749.0,,,,,,,,,,,,,,,,,,,,,,,,,,,,,,,,,,,,,,,,,,,,,,,,,,,,,,,,,,,,,,,,,,,,,,,,,,,,,,,,,,,,,,,,730.0,730.0,730.0,730.0,730.0,730.0,730.0,730.0,730.0,730.0,730.0,730.0,730.0,730.0,730.0,730.0,750.0,755.0,730.0,730.0,730.0,734.0,835.0,850.0,,,,,,,,,,,,,730.0,730.0,730.0,,,,730.0,730.0,730.0,,,,730.0,730.0,730.0,,,,730.0,730.0,730.0,,,,,,,,,,,,,,,,,,,,,,,,,,,,,,,,,,,,,,,,,,,,,,,,,,,,,,,,,,,,,,,,,,,,,,,,,,,
outputs.hydraulic.storage.WelHRAftBuf.numSwi,,,,,,,,,,,,,,,,,,,,,,,,,1451.0,1040.0,15523.0,10192.0,1388.0,39783.0,2870.0,1277.0,23353.0,36822.0,1228.0,81118.0,,,,,,,,,,,,,,,,,,,,,,,,,1100.0,624.0,6276.0,,,,7339.0,646.0,11767.0,,,,,,,,,,,,,,,,,,,,,,,,,,,,,,,,,,,,,,,,,,,,,,,,,,,,,,,,,,,,,,,,,,,,,,,,,,,,,,,,,,,,,,,,,,,,,,,,,,,,121344.0,1248.0,73757.0,214220.0,1482.0,130409.0,117920.0,1459.0,83816.0,218325.0,1378.0,175742.0,,,,,,,,,,,,,,,,,,,,,,,,,23386.0,992.0,28475.0,,,,30998.0,1082.0,35669.0,,,,,,,,,,,,,,,,,,,,,,,,,,,,,,,,,,,,,,,,,,,,,,,,,,,,,,,,,,,,,,,,,,,,,,,,,,,,,,,,,,,,,,,,,,,,,,,,,,,,2728.0,937.0,18464.0,19982.0,1017.0,39262.0,4488.0,1165.0,25655.0,76346.0,1036.0,79025.0,,,,,,,,,,,,,,,,,,,,,,,,,1195.0,552.0,7487.0,,,,6637.0,561.0,11526.0,,,,,,,,,,,,,,,,,,,,,,,,,,,,,,,,,,,,,,,,,,,,,,,,,,,,,,,,,,,,,,,,,,,,,,,,,,,
outputs.hydraulic.storage.WelHRBufSto.numSwi,,,,,,,,,,,,,963.0,1038.0,488.0,1030.0,1062.0,496.0,985.0,1369.0,778.0,2030.0,1143.0,763.0,,,,,,,,,,,,,,,,,,,,,,,,,603.0,543.0,310.0,,,,774.0,650.0,557.0,,,,,,,,,,,,,,,,,,,,,,,,,,,,,,,,,,,,,,,,,,,,,,,,,,,,,,,,,,,,,,,,,,,,,,,,,,,,,,,,,,,,,,,,,,,,,,,,,,,,1781.0,1745.0,1091.0,1940.0,1443.0,953.0,1738.0,1868.0,1354.0,3056.0,1142.0,1083.0,,,,,,,,,,,,,,,,,,,,,,,,,1154.0,1171.0,672.0,,,,1312.0,1182.0,896.0,,,,,,,,,,,,,,,,,,,,,,,,,,,,,,,,,,,,,,,,,,,,,,,,,,,,,,,,,,,,,,,,,,,,,,,,,,,,,,,,,,,,,,,,,,,,,,,,,,,,875.0,889.0,482.0,1017.0,823.0,493.0,908.0,1122.0,727.0,1856.0,871.0,762.0,,,,,,,,,,,,,,,,,,,,,,,,,527.0,459.0,297.0,,,,667.0,557.0,482.0,,,,,,,,,,,,,,,,,,,,,,,,,,,,,,,,,,,,,,,,,,,,,,,,,,,,,,,,,,,,,,,,,,,,,,,,,,,,,,,,,,,,,,,
hydraulic.control.securityControl.operationalEnvelope.ERR,0.0,0.0,0.0,9.0,26.0,2.0,985.0,575.0,981.0,766.0,228.0,800.0,0.0,0.0,0.0,3.0,0.0,0.0,737.0,738.0,787.0,848.0,817.0,842.0,0.0,0.0,0.0,0.0,0.0,0.0,736.0,737.0,737.0,707.0,681.0,682.0,0.0,0.0,0.0,,,,1167.0,1074.0,1146.0,,,,0.0,0.0,0.0,,,,1218.0,1209.0,1211.0,,,,0.0,0.0,0.0,,,,1210.0,1211.0,1212.0,,,,,,,,,,,,,,,,,,,,,,,,,,,,,,,,,,,,,,,,,,,,,,,,,,,,,,,,,,,,,,,,,,,,,,,,,,,,0.0,0.0,0.0,38.0,10.0,6.0,882.0,417.0,889.0,915.0,113.0,599.0,0.0,0.0,0.0,104.0,63.0,11.0,742.0,741.0,744.0,2096.0,1926.0,1381.0,0.0,0.0,0.0,0.0,0.0,0.0,731.0,722.0,725.0,1084.0,1154.0,942.0,0.0,0.0,0.0,,,,1037.0,930.0,1107.0,,,,0.0,0.0,0.0,,,,881.0,869.0,861.0,,,,0.0,0.0,0.0,,,,856.0,849.0,849.0,,,,,,,,,,,,,,,,,,,,,,,,,,,,,,,,,,,,,,,,,,,,,,,,,,,,,,,,,,,,,,,,,,,,,,,,,,,,40.0,40.0,38.0,130.0,149.0,85.0,1015.0,616.0,1021.0,903.0,377.0,967.0,0.0,0.0,0.0,2.0,0.0,0.0,749.0,749.0,850.0,1059.0,998.0,972.0,0.0,0.0,0.0,0.0,0.0,0.0,749.0,749.0,749.0,719.0,689.0,704.0,0.0,0.0,0.0,,,,1217.0,1126.0,1188.0,,,,0.0,0.0,0.0,,,,1352.0,1336.0,1346.0,,,,0.0,0.0,0.0,,,,1339.0,1341.0,1341.0,,,,,,,,,,,,,,,,,,,,,,,,,,,,,,,,,,,,,,,,,,,,,,,,,,,,,,,,,,,,,,,,,,,,,,,,,,,
hydraulic.control.HRPIDControlBuf.IAE,227340850.0,222079440.0,218186000.0,269691400.0,271480960.0,262361860.0,456154200.0,364703840.0,455313540.0,445562900.0,346744200.0,429774300.0,63195020.0,59618180.0,60207964.0,97493870.0,88096800.0,88947600.0,65636236.0,60754948.0,62828610.0,93358090.0,85286104.0,93554360.0,63571308.0,60361628.0,59606970.0,91294760.0,86684870.0,87448536.0,68563820.0,60541656.0,62789464.0,102022230.0,85074700.0,91237060.0,699441340.0,624767360.0,678237500.0,,,,657638340.0,614636700.0,667090500.0,,,,100734190.0,98876536.0,99887170.0,,,,102600770.0,100184696.0,102438936.0,,,,106738150.0,104139110.0,104736200.0,,,,110356936.0,105101576.0,106253220.0,,,,,,,,,,,,,,,,,,,,,,,,,,,,,,,,,,,,,,,,,,,,,,,,,,,,,,,,,,,,,,,,,,,,,,,,,,,,100006890.0,95643080.0,87274000.0,98619304.0,89014370.0,83733780.0,210862110.0,169475070.0,201077070.0,203268980.0,103664950.0,191807300.0,54216760.0,49344976.0,50163524.0,58999036.0,49085156.0,56944656.0,53847270.0,47194904.0,52941330.0,60457824.0,38690444.0,58765908.0,60354344.0,32376642.0,39845880.0,67178344.0,36977612.0,45553372.0,64552228.0,33055894.0,41224356.0,69845064.0,36445028.0,49993092.0,458095680.0,406175970.0,436110850.0,,,,431349250.0,386146880.0,416539420.0,,,,78014600.0,73408504.0,75511496.0,,,,79637540.0,72551030.0,77539224.0,,,,86756920.0,70291620.0,73276696.0,,,,90696184.0,70860380.0,74871330.0,,,,,,,,,,,,,,,,,,,,,,,,,,,,,,,,,,,,,,,,,,,,,,,,,,,,,,,,,,,,,,,,,,,,,,,,,,,,370133150.0,365402720.0,358863100.0,398396580.0,407451330.0,393164540.0,549463800.0,458366000.0,539838660.0,550033600.0,454741660.0,539646900.0,82794760.0,80569150.0,80678860.0,111719780.0,107904210.0,109490150.0,82346580.0,80704984.0,81460290.0,116918790.0,106475790.0,115151990.0,82569496.0,77928744.0,79151580.0,112948940.0,107037144.0,108362380.0,86487256.0,77582344.0,79386330.0,121872130.0,106626700.0,112171976.0,786477200.0,707708300.0,767059200.0,,,,747176200.0,699167940.0,744646900.0,,,,98599270.0,97025530.0,97779910.0,,,,100130230.0,97350950.0,99144776.0,,,,105279780.0,102248930.0,102888080.0,,,,106711600.0,102074320.0,102967230.0,,,,,,,,,,,,,,,,,,,,,,,,,,,,,,,,,,,,,,,,,,,,,,,,,,,,,,,,,,,,,,,,,,,,,,,,,,,
hydraulic.control.HRPIDControlDHW.IAE,149698530.0,148232980.0,152368400.0,123253544.0,142260080.0,129452780.0,142414190.0,146001540.0,148945500.0,151839040.0,157116800.0,151955220.0,102108200.0,103919900.0,102869816.0,103826790.0,105910050.0,104600744.0,100394696.0,100624800.0,100373816.0,104171950.0,104261820.0,99764780.0,102099420.0,103914350.0,102069896.0,120894250.0,121841190.0,105718650.0,100427920.0,100604100.0,100392900.0,104156040.0,98882090.0,100504160.0,123695620.0,134209144.0,132835544.0,,,,150158990.0,156686180.0,156197330.0,,,,106740470.0,107127864.0,106444184.0,,,,104766696.0,104826670.0,104786490.0,,,,106725970.0,107120460.0,106743600.0,,,,104776810.0,104841944.0,104864860.0,,,,,,,,,,,,,,,,,,,,,,,,,,,,,,,,,,,,,,,,,,,,,,,,,,,,,,,,,,,,,,,,,,,,,,,,,,,,150019920.0,149931420.0,150281360.0,123655940.0,151016640.0,141126880.0,148324180.0,112540536.0,149903570.0,149114900.0,159002420.0,151132770.0,104936690.0,105885460.0,105021064.0,103264100.0,104555224.0,102831750.0,106317160.0,106592430.0,106313060.0,104335420.0,104260180.0,102866744.0,105245070.0,105834200.0,104919660.0,105336376.0,110090490.0,108960960.0,106813656.0,104830400.0,106478904.0,100244750.0,85114024.0,88528280.0,136682640.0,145574820.0,145723170.0,,,,150710380.0,154701820.0,150374800.0,,,,106151460.0,106476280.0,106067040.0,,,,107004500.0,107071670.0,107008980.0,,,,106179976.0,106463910.0,106133976.0,,,,107422504.0,105802930.0,106649490.0,,,,,,,,,,,,,,,,,,,,,,,,,,,,,,,,,,,,,,,,,,,,,,,,,,,,,,,,,,,,,,,,,,,,,,,,,,,,145452350.0,148496100.0,148811730.0,121579600.0,128200910.0,121663640.0,147807090.0,150661840.0,144416260.0,153344800.0,149157180.0,148897680.0,102533160.0,104636590.0,103661540.0,104867410.0,106873260.0,105778600.0,99894790.0,100185816.0,100152520.0,99860104.0,99943700.0,100434920.0,102558700.0,104626250.0,102531820.0,124410616.0,108507210.0,105920890.0,99880420.0,100177060.0,99849140.0,100668744.0,94615860.0,97021500.0,122764490.0,128992700.0,130243336.0,,,,148911280.0,153093780.0,157349000.0,,,,106616520.0,106995620.0,106181320.0,,,,105467870.0,105580380.0,105560040.0,,,,106645304.0,107018800.0,106599256.0,,,,105495810.0,105658330.0,105543630.0,,,,,,,,,,,,,,,,,,,,,,,,,,,,,,,,,,,,,,,,,,,,,,,,,,,,,,,,,,,,,,,,,,,,,,,,,,,
hydraulic.control.HRPIDControlBuf.ISE,5880541700.0,5337410600.0,5280595500.0,7408355300.0,7511799300.0,7064934400.0,18621719000.0,12291424000.0,18487261000.0,17291643000.0,11535559000.0,16407247000.0,346096060.0,320223140.0,323842500.0,880231360.0,757015740.0,760983550.0,370912130.0,331874020.0,342037280.0,749973300.0,744549440.0,775135500.0,362404320.0,349571500.0,333888480.0,780793660.0,763547700.0,768722560.0,398326850.0,354809730.0,364673020.0,854225400.0,763919600.0,787142800.0,31660690000.0,25077629000.0,29780690000.0,,,,27324790000.0,23687174000.0,27699818000.0,,,,730886700.0,721199400.0,725393860.0,,,,734273340.0,726925060.0,736145540.0,,,,810910900.0,797846340.0,800082800.0,,,,837396000.0,811001600.0,812703500.0,,,,,,,,,,,,,,,,,,,,,,,,,,,,,,,,,,,,,,,,,,,,,,,,,,,,,,,,,,,,,,,,,,,,,,,,,,,,1524393600.0,1439852700.0,1476918700.0,1077033700.0,1069011650.0,945287200.0,6591748000.0,4581903000.0,6714055000.0,5976553000.0,2288919000.0,5838991000.0,219792690.0,196170420.0,199770880.0,264481950.0,220936240.0,258137310.0,210443710.0,177672750.0,206408540.0,263193500.0,168343250.0,258567700.0,296927260.0,123657360.0,141169490.0,360143170.0,173314430.0,195700720.0,312711870.0,126285230.0,144069390.0,357149020.0,175517260.0,216155970.0,18559527000.0,14580638000.0,17435580000.0,,,,15793445000.0,12836334000.0,15238071000.0,,,,425637250.0,399304260.0,409395140.0,,,,433642430.0,396249760.0,417784160.0,,,,521892770.0,420507800.0,425582140.0,,,,547748160.0,427905100.0,437309700.0,,,,,,,,,,,,,,,,,,,,,,,,,,,,,,,,,,,,,,,,,,,,,,,,,,,,,,,,,,,,,,,,,,,,,,,,,,,,13040416000.0,12632645000.0,12446408000.0,13924422000.0,14377482000.0,13736745000.0,22936009000.0,16334929000.0,22299181000.0,22211600000.0,15940090000.0,21556939000.0,511636200.0,502089250.0,500035520.0,1015263200.0,992867600.0,999899970.0,504706780.0,500746180.0,498200420.0,1035785100.0,990854660.0,1024907600.0,519903100.0,494847680.0,497416450.0,1032325760.0,1004854500.0,1005515300.0,541471800.0,491102700.0,495353800.0,1090736000.0,1014571400.0,1027465900.0,36242850000.0,29058939000.0,34263998000.0,,,,31801416000.0,27742937000.0,31607562000.0,,,,681534000.0,671501600.0,674128000.0,,,,692224450.0,675973570.0,684225340.0,,,,776348600.0,760495040.0,762348700.0,,,,787324600.0,763400400.0,763743360.0,,,,,,,,,,,,,,,,,,,,,,,,,,,,,,,,,,,,,,,,,,,,,,,,,,,,,,,,,,,,,,,,,,,,,,,,,,,
hydraulic.control.HRPIDControlDHW.ISE,993857300.0,951455740.0,1016112700.0,736031740.0,937985500.0,798121200.0,901292700.0,845406340.0,945999000.0,983361000.0,1043630300.0,984656900.0,562798800.0,571531460.0,567613250.0,570586050.0,581133700.0,573424450.0,578147800.0,578271740.0,577728800.0,570741500.0,569427000.0,567613500.0,562778240.0,571411500.0,562640200.0,617682200.0,631606800.0,576717300.0,578023040.0,577837760.0,577773500.0,559997800.0,527100700.0,535983700.0,742403000.0,852524600.0,830196300.0,,,,973712260.0,1024456260.0,1018393150.0,,,,643102340.0,644635300.0,639242600.0,,,,643215000.0,643344640.0,643495550.0,,,,642914000.0,644632700.0,643148700.0,,,,643238000.0,643502500.0,644197100.0,,,,,,,,,,,,,,,,,,,,,,,,,,,,,,,,,,,,,,,,,,,,,,,,,,,,,,,,,,,,,,,,,,,,,,,,,,,,972978050.0,974106560.0,975153500.0,738027100.0,1009128900.0,911952960.0,954730300.0,606219900.0,968719000.0,960654340.0,1043523460.0,985390140.0,610937150.0,612304260.0,610916800.0,577230900.0,580877440.0,570817900.0,652412900.0,652308600.0,652153000.0,623442600.0,622212900.0,609313860.0,614358000.0,611614000.0,610707900.0,561843460.0,565890900.0,556331400.0,655705200.0,637763300.0,653823900.0,559379300.0,468273470.0,488044200.0,871706050.0,957847230.0,955830140.0,,,,985733950.0,1013013300.0,972841400.0,,,,644535230.0,645827500.0,643514800.0,,,,670002400.0,670237700.0,670135230.0,,,,644912960.0,645733600.0,644392600.0,,,,674156600.0,660059650.0,667780030.0,,,,,,,,,,,,,,,,,,,,,,,,,,,,,,,,,,,,,,,,,,,,,,,,,,,,,,,,,,,,,,,,,,,,,,,,,,,,957503360.0,958640400.0,993433000.0,716955650.0,798453700.0,719459140.0,943101400.0,901893400.0,901107200.0,995084700.0,950269700.0,951153540.0,562891460.0,574843500.0,571350300.0,575900400.0,585090300.0,578265200.0,569345200.0,570017300.0,573236300.0,566602050.0,565046800.0,576923300.0,563258800.0,574788900.0,562944700.0,644044600.0,591401000.0,583367040.0,569034940.0,570059200.0,568859500.0,564638140.0,522676030.0,540873660.0,731432700.0,802645900.0,806729540.0,,,,961765250.0,990110400.0,1024566000.0,,,,637650100.0,639024400.0,631923000.0,,,,653218240.0,654133440.0,654040400.0,,,,638006400.0,639376960.0,637514600.0,,,,653977340.0,654716000.0,654312500.0,,,,,,,,,,,,,,,,,,,,,,,,,,,,,,,,,,,,,,,,,,,,,,,,,,,,,,,,,,,,,,,,,,,,,,,,,,,
outputs.hydraulic.control.IAE_Bui,25795806.0,25592228.0,25586734.0,31154320.0,30910868.0,30768162.0,26933562.0,26077578.0,26344482.0,30199788.0,30180696.0,32333380.0,26449984.0,25533904.0,25721040.0,31889652.0,30966008.0,31170200.0,26414522.0,26196894.0,26921268.0,30178440.0,30509922.0,32827902.0,27027056.0,25969942.0,26208198.0,32929496.0,31362384.0,31633704.0,29086536.0,26615326.0,27214542.0,36407296.0,31626964.0,33081492.0,39507148.0,39494304.0,39508380.0,,,,39550028.0,39522756.0,39512880.0,,,,39444576.0,39371890.0,39449596.0,,,,39508228.0,39503212.0,39649780.0,,,,39567388.0,39435796.0,39481504.0,,,,39841228.0,39492856.0,39607436.0,,,,,,,,,,,,,,,,,,,,,,,,,,,,,,,,,,,,,,,,,,,,,,,,,,,,,,,,,,,,,,,,,,,,,,,,,,,,19260632.0,16555365.0,14111287.0,20068494.0,19214634.0,18944702.0,19778204.0,16129323.0,15009513.0,15609270.0,16286716.0,21530394.0,18238472.0,16838716.0,17105090.0,19996886.0,19301634.0,21545614.0,17099544.0,16364529.0,18446744.0,15616504.0,16821300.0,22548910.0,23107846.0,12105389.0,14312807.0,26710850.0,17789044.0,20000784.0,25233580.0,12683227.0,15289097.0,27939558.0,18057236.0,21671990.0,11898726.0,11696609.0,11568446.0,,,,11936580.0,11818851.0,11766061.0,,,,11772114.0,11671148.0,11742448.0,,,,11750908.0,11729684.0,11944757.0,,,,12226035.0,11490356.0,11581486.0,,,,12479737.0,11529847.0,11702614.0,,,,,,,,,,,,,,,,,,,,,,,,,,,,,,,,,,,,,,,,,,,,,,,,,,,,,,,,,,,,,,,,,,,,,,,,,,,,44501700.0,44201736.0,44010990.0,48592708.0,48425964.0,48327810.0,45193330.0,44349104.0,44408570.0,48024204.0,47973710.0,50298804.0,44790176.0,44027228.0,44148064.0,49099510.0,48354536.0,48556824.0,44780850.0,44386540.0,44970292.0,48050404.0,48162236.0,50498412.0,45627220.0,44183704.0,44387584.0,50400180.0,48751548.0,49043290.0,46957300.0,44585428.0,45042440.0,53330864.0,49053376.0,50445840.0,60118460.0,60126116.0,60108840.0,,,,60162280.0,60137556.0,60118164.0,,,,60088604.0,60014364.0,60072704.0,,,,60163110.0,60135770.0,60261380.0,,,,60207870.0,60066036.0,60104536.0,,,,60435120.0,60111704.0,60233180.0,,,,,,,,,,,,,,,,,,,,,,,,,,,,,,,,,,,,,,,,,,,,,,,,,,,,,,,,,,,,,,,,,,,,,,,,,,,
outputs.hydraulic.control.ISE_Bui,59968212.0,59760950.0,59739572.0,69009660.0,68552600.0,68328670.0,61588920.0,60330468.0,60775576.0,67521016.0,67293570.0,71033400.0,60813824.0,59459732.0,59792980.0,70182680.0,68463460.0,68884880.0,60785064.0,60414340.0,61625920.0,67507190.0,67868460.0,72084650.0,61676040.0,60113924.0,60504136.0,72441890.0,69143520.0,69732290.0,65337530.0,61125396.0,62037988.0,81000800.0,69907230.0,72522750.0,144762820.0,144691800.0,144727460.0,,,,144265730.0,144286460.0,144242110.0,,,,144205250.0,144035400.0,144317680.0,,,,144410180.0,144262560.0,144485170.0,,,,144257540.0,144033680.0,144240050.0,,,,144602020.0,144227170.0,144470100.0,,,,,,,,,,,,,,,,,,,,,,,,,,,,,,,,,,,,,,,,,,,,,,,,,,,,,,,,,,,,,,,,,,,,,,,,,,,,25774136.0,17867918.0,12425952.0,23354878.0,20833804.0,19910768.0,26022716.0,16844124.0,14308572.0,14550665.0,15270034.0,25468264.0,21702056.0,18696320.0,19138182.0,22356412.0,21094778.0,26016196.0,18971652.0,17005442.0,21296638.0,14468696.0,16205573.0,27494208.0,38244108.0,9215722.0,12486287.0,40342860.0,17635184.0,21731494.0,41550160.0,10016653.0,13901631.0,41909100.0,18213288.0,24930692.0,16024453.0,15921530.0,15862926.0,,,,16011511.0,16055065.0,16048786.0,,,,15935681.0,15883142.0,15912928.0,,,,15936765.0,15928074.0,16021820.0,,,,16161274.0,15791454.0,15830367.0,,,,16294619.0,15821987.0,15902380.0,,,,,,,,,,,,,,,,,,,,,,,,,,,,,,,,,,,,,,,,,,,,,,,,,,,,,,,,,,,,,,,,,,,,,,,,,,,,212373400.0,211778080.0,211544860.0,218833420.0,218419060.0,218318640.0,213066540.0,211775900.0,211786430.0,217800930.0,217388340.0,221497280.0,212370880.0,211261140.0,211578500.0,219346300.0,217811940.0,218311970.0,212339940.0,211628270.0,212653800.0,217924080.0,217752460.0,221814400.0,213959890.0,211399950.0,211751020.0,221852370.0,218531220.0,219093950.0,216067740.0,211904000.0,212649140.0,228269870.0,219290670.0,221739440.0,338831420.0,338801630.0,338809470.0,,,,338254700.0,338284300.0,338315400.0,,,,338254140.0,338046880.0,338260060.0,,,,338469400.0,338248030.0,338517730.0,,,,338297860.0,338048580.0,338282140.0,,,,338623550.0,338169660.0,338525730.0,,,,,,,,,,,,,,,,,,,,,,,,,,,,,,,,,,,,,,,,,,,,,,,,,,,,,,,,,,,,,,,,,,,,,,,,,,,
outputs.hydraulic.generation.WPumpel.integral,186906500000.0,187293680000.0,186927420000.0,96725850000.0,97181470000.0,97099210000.0,184434840000.0,187166240000.0,184620470000.0,89053680000.0,98080195000.0,96242790000.0,181275130000.0,189225090000.0,189180610000.0,94631420000.0,98179550000.0,98169710000.0,182527920000.0,185971020000.0,186040060000.0,87905020000.0,95937430000.0,96470270000.0,189323210000.0,189186130000.0,189218180000.0,98103530000.0,98003650000.0,98235410000.0,186377140000.0,185818730000.0,185921570000.0,96899620000.0,96707000000.0,96811690000.0,6296971000.0,6321091000.0,6309423000.0,,,,6295195600.0,6334512600.0,6315408400.0,,,,6381074400.0,6474889700.0,6484408000.0,,,,6480636400.0,6502186000.0,6517758000.0,,,,6500468700.0,6489113000.0,6492224500.0,,,,6545186300.0,6512325000.0,6521037300.0,,,,,,,,,,,,,,,,,,,,,,,,,,,,,,,,,,,,,,,,,,,,,,,,,,,,,,,,,,,,,,,,,,,,,,,,,,,,297141400000.0,297562600000.0,297016560000.0,151042060000.0,155172720000.0,155034650000.0,290928720000.0,297567620000.0,291525850000.0,137601550000.0,155831090000.0,154278380000.0,289725500000.0,298985850000.0,298913660000.0,147829060000.0,155590560000.0,155913010000.0,287678500000.0,292909100000.0,293098460000.0,127907620000.0,143909780000.0,147975630000.0,299616370000.0,299344130000.0,299468620000.0,156186500000.0,155943010000.0,155948560000.0,293741850000.0,293376950000.0,293526400000.0,150478900000.0,149816670000.0,151372920000.0,10318762000.0,10330549000.0,10327233000.0,,,,10059219000.0,10206222000.0,10163836000.0,,,,10261929000.0,10475812000.0,10479657000.0,,,,10211255000.0,10401504000.0,10417880000.0,,,,10496671000.0,10484618000.0,10485933000.0,,,,10458180000.0,10427046000.0,10436169000.0,,,,,,,,,,,,,,,,,,,,,,,,,,,,,,,,,,,,,,,,,,,,,,,,,,,,,,,,,,,,,,,,,,,,,,,,,,,,142095610000.0,142441840000.0,142255500000.0,72513840000.0,73418560000.0,73414640000.0,140963630000.0,142956380000.0,141228470000.0,66966684000.0,74265590000.0,72591800000.0,138911580000.0,144128870000.0,144093170000.0,71166530000.0,74303780000.0,74330866000.0,139670100000.0,142311800000.0,142370820000.0,65715230000.0,72023580000.0,72994870000.0,144206770000.0,143978600000.0,144027650000.0,74191860000.0,74255606000.0,74277690000.0,142717190000.0,141963170000.0,142155560000.0,73692010000.0,73520620000.0,73504490000.0,4755369500.0,4771204000.0,4770680000.0,,,,4806828500.0,4833981000.0,4824140000.0,,,,4863231000.0,4931205000.0,4938978000.0,,,,4957661000.0,4990130000.0,5009416700.0,,,,4948635000.0,4939492000.0,4941830000.0,,,,5029174300.0,4999566300.0,5005580300.0,,,,,,,,,,,,,,,,,,,,,,,,,,,,,,,,,,,,,,,,,,,,,,,,,,,,,,,,,,,,,,,,,,,,,,,,,,,
outputs.hydraulic.generation.WPumpel.totalOnTime,19540098.0,19583360.0,19542990.0,19390902.0,19485886.0,19468696.0,19297832.0,19592648.0,19320996.0,17871280.0,19687122.0,19314278.0,19002948.0,19832322.0,19827414.0,19022748.0,19732684.0,19730722.0,19181468.0,19540590.0,19547894.0,17727654.0,19333710.0,19439718.0,19842168.0,19828266.0,19831196.0,19716338.0,19696570.0,19742912.0,19582850.0,19524764.0,19535366.0,19520986.0,19475530.0,19499396.0,14439647.0,14499571.0,14475304.0,,,,14485692.0,14579110.0,14539159.0,,,,14746444.0,14960203.0,14982790.0,,,,15075332.0,15124543.0,15160628.0,,,,15017974.0,14992574.0,14999191.0,,,,15222177.0,15147550.0,15167072.0,,,,,,,,,,,,,,,,,,,,,,,,,,,,,,,,,,,,,,,,,,,,,,,,,,,,,,,,,,,,,,,,,,,,,,,,,,,,25528058.0,25567766.0,25518478.0,24904972.0,25588198.0,25565000.0,25005494.0,25586074.0,25059118.0,22703044.0,25713424.0,25451076.0,24954996.0,25749384.0,25742844.0,24437372.0,25715074.0,25768180.0,24830198.0,25278444.0,25294692.0,21213920.0,23846332.0,24514966.0,25803220.0,25779926.0,25790322.0,25809832.0,25765496.0,25768578.0,25348544.0,25315394.0,25328964.0,24909064.0,24787448.0,25053104.0,19478698.0,19505160.0,19501518.0,,,,19029170.0,19308870.0,19236896.0,,,,19517180.0,19918896.0,19926292.0,,,,19530752.0,19887862.0,19918700.0,,,,19957710.0,19935428.0,19937526.0,,,,19990522.0,19928786.0,19946844.0,,,,,,,,,,,,,,,,,,,,,,,,,,,,,,,,,,,,,,,,,,,,,,,,,,,,,,,,,,,,,,,,,,,,,,,,,,,,17164924.0,17209916.0,17185340.0,16787716.0,17001534.0,16998678.0,17046860.0,17298188.0,17083978.0,15525454.0,17221532.0,16831598.0,16828584.0,17457314.0,17452808.0,16524691.0,17249262.0,17255556.0,16967178.0,17285392.0,17292518.0,15315272.0,16771132.0,16995268.0,17466320.0,17439222.0,17444732.0,17222120.0,17236576.0,17241424.0,17334168.0,17243510.0,17266558.0,17150046.0,17103256.0,17103314.0,12582594.0,12629756.0,12630350.0,,,,12773859.0,12848328.0,12826306.0,,,,12971794.0,13150432.0,13172315.0,,,,13318584.0,13403960.0,13455952.0,,,,13195454.0,13172057.0,13177707.0,,,,13506082.0,13428620.0,13443997.0,,,,,,,,,,,,,,,,,,,,,,,,,,,,,,,,,,,,,,,,,,,,,,,,,,,,,,,,,,,,,,,,,,,,,,,,,,,
